Layer,Name,GEOID,HDX_2015-2019,HDX_2015-2019_moe
Census tract,Tract 101,17031010100,63.9,
Census tract,Tract 102.01,17031010201,83.8,
Census tract,Tract 102.02,17031010202,86.4,
Census tract,Tract 103,17031010300,51.8,
Census tract,Tract 104,17031010400,45.8,
Census tract,Tract 105.01,17031010501,33.1,
Census tract,Tract 105.02,17031010502,56.2,
Census tract,Tract 105.03,17031010503,89.9,
Census tract,Tract 106,17031010600,57.0,
Census tract,Tract 107.01,17031010701,34.6,
Census tract,Tract 107.02,17031010702,74.7,
Census tract,Tract 201,17031020100,61.2,
Census tract,Tract 202,17031020200,55.9,
Census tract,Tract 203.01,17031020301,72.1,
Census tract,Tract 203.02,17031020302,50.7,
Census tract,Tract 204,17031020400,49.6,
Census tract,Tract 205,17031020500,93.4,
Census tract,Tract 206.01,17031020601,96.2,
Census tract,Tract 206.02,17031020602,83.2,
Census tract,Tract 207.01,17031020701,30.6,
Census tract,Tract 207.02,17031020702,93.9,
Census tract,Tract 208.01,17031020801,71.2,
Census tract,Tract 208.02,17031020802,89.7,
Census tract,Tract 209.01,17031020901,76.5,
Census tract,Tract 209.02,17031020902,85.0,
Census tract,Tract 301.01,17031030101,66.1,
Census tract,Tract 301.02,17031030102,25.7,
Census tract,Tract 301.03,17031030103,29.3,
Census tract,Tract 301.04,17031030104,75.7,
Census tract,Tract 302,17031030200,14.8,
Census tract,Tract 303,17031030300,68.3,
Census tract,Tract 304,17031030400,23.8,
Census tract,Tract 305,17031030500,8.5,
Census tract,Tract 306.01,17031030601,79.7,
Census tract,Tract 306.03,17031030603,33.8,
Census tract,Tract 306.04,17031030604,38.9,
Census tract,Tract 307.01,17031030701,62.8,
Census tract,Tract 307.02,17031030702,18.7,
Census tract,Tract 307.03,17031030703,30.0,
Census tract,Tract 307.06,17031030706,36.0,
Census tract,Tract 308,17031030800,5.1,
Census tract,Tract 309,17031030900,5.1,
Census tract,Tract 310,17031031000,5.6,
Census tract,Tract 311,17031031100,10.1,
Census tract,Tract 312,17031031200,74.6,
Census tract,Tract 313,17031031300,55.2,
Census tract,Tract 314,17031031400,5.6,
Census tract,Tract 315.01,17031031501,82.2,
Census tract,Tract 315.02,17031031502,70.2,
Census tract,Tract 317,17031031700,34.3,
Census tract,Tract 318,17031031800,3.7,
Census tract,Tract 319,17031031900,8.9,
Census tract,Tract 321,17031032100,27.1,
Census tract,Tract 401,17031040100,10.2,
Census tract,Tract 402.01,17031040201,9.5,
Census tract,Tract 402.02,17031040202,59.3,
Census tract,Tract 403,17031040300,62.9,
Census tract,Tract 404.01,17031040401,5.2,
Census tract,Tract 404.02,17031040402,2.2,
Census tract,Tract 406,17031040600,2.0,
Census tract,Tract 407,17031040700,8.8,
Census tract,Tract 408,17031040800,5.3,
Census tract,Tract 409,17031040900,3.1,
Census tract,Tract 501,17031050100,2.2,
Census tract,Tract 502,17031050200,8.7,
Census tract,Tract 503,17031050300,7.1,
Census tract,Tract 505,17031050500,2.5,
Census tract,Tract 506,17031050600,0.7,
Census tract,Tract 507,17031050700,1.9,
Census tract,Tract 508,17031050800,3.0,
Census tract,Tract 509,17031050900,5.8,
Census tract,Tract 510,17031051000,2.6,
Census tract,Tract 511,17031051100,3.0,
Census tract,Tract 512,17031051200,0.9,
Census tract,Tract 513,17031051300,0.3,
Census tract,Tract 514,17031051400,4.0,
Census tract,Tract 601,17031060100,1.5,
Census tract,Tract 602,17031060200,3.0,
Census tract,Tract 603,17031060300,0.5,
Census tract,Tract 604,17031060400,2.6,
Census tract,Tract 605,17031060500,60.5,
Census tract,Tract 608,17031060800,2.5,
Census tract,Tract 609,17031060900,1.5,
Census tract,Tract 610,17031061000,1.8,
Census tract,Tract 611,17031061100,0.4,
Census tract,Tract 612,17031061200,0.9,
Census tract,Tract 615,17031061500,0.6,
Census tract,Tract 618,17031061800,16.1,
Census tract,Tract 619.01,17031061901,4.1,
Census tract,Tract 619.02,17031061902,5.6,
Census tract,Tract 620,17031062000,1.0,
Census tract,Tract 621,17031062100,2.7,
Census tract,Tract 622,17031062200,2.9,
Census tract,Tract 623,17031062300,0.1,
Census tract,Tract 624,17031062400,0.4,
Census tract,Tract 625,17031062500,0.8,
Census tract,Tract 626,17031062600,0.6,
Census tract,Tract 627,17031062700,1.0,
Census tract,Tract 628,17031062800,0.3,
Census tract,Tract 629,17031062900,0.5,
Census tract,Tract 630,17031063000,1.4,
Census tract,Tract 631,17031063100,1.3,
Census tract,Tract 632,17031063200,2.7,
Census tract,Tract 633.01,17031063301,2.5,
Census tract,Tract 633.02,17031063302,1.4,
Census tract,Tract 633.03,17031063303,8.6,
Census tract,Tract 634,17031063400,0.7,
Census tract,Tract 701.01,17031070101,7.0,
Census tract,Tract 701.02,17031070102,0.4,
Census tract,Tract 701.03,17031070103,3.1,
Census tract,Tract 702,17031070200,1.5,
Census tract,Tract 703,17031070300,0.5,
Census tract,Tract 704,17031070400,0.9,
Census tract,Tract 705,17031070500,0.7,
Census tract,Tract 706,17031070600,0.4,
Census tract,Tract 707,17031070700,2.4,
Census tract,Tract 710,17031071000,4.0,
Census tract,Tract 711,17031071100,0.5,
Census tract,Tract 712,17031071200,1.0,
Census tract,Tract 713,17031071300,0.5,
Census tract,Tract 714,17031071400,0.7,
Census tract,Tract 715,17031071500,0.5,
Census tract,Tract 716,17031071600,1.8,
Census tract,Tract 717,17031071700,0.5,
Census tract,Tract 718,17031071800,0.8,
Census tract,Tract 801,17031080100,0.2,
Census tract,Tract 802.01,17031080201,1.1,
Census tract,Tract 802.02,17031080202,0.2,
Census tract,Tract 803,17031080300,0.1,
Census tract,Tract 804,17031080400,35.5,
Census tract,Tract 810,17031081000,12.3,
Census tract,Tract 811,17031081100,2.2,
Census tract,Tract 812.01,17031081201,0.1,
Census tract,Tract 812.02,17031081202,0.2,
Census tract,Tract 813,17031081300,7.2,
Census tract,Tract 814.01,17031081401,0.8,
Census tract,Tract 814.02,17031081402,0.4,
Census tract,Tract 814.03,17031081403,0.4,
Census tract,Tract 815,17031081500,0.0,
Census tract,Tract 816,17031081600,0.1,
Census tract,Tract 817,17031081700,0.3,
Census tract,Tract 818,17031081800,0.0,
Census tract,Tract 819,17031081900,0.5,
Census tract,Tract 901,17031090100,13.3,
Census tract,Tract 902,17031090200,2.2,
Census tract,Tract 903,17031090300,6.4,
Census tract,Tract 1001,17031100100,34.4,
Census tract,Tract 1002,17031100200,20.1,
Census tract,Tract 1003,17031100300,17.2,
Census tract,Tract 1004,17031100400,24.3,
Census tract,Tract 1005,17031100500,25.2,
Census tract,Tract 1006,17031100600,26.3,
Census tract,Tract 1007,17031100700,15.9,
Census tract,Tract 1101,17031110100,45.5,
Census tract,Tract 1102,17031110200,35.6,
Census tract,Tract 1103,17031110300,41.1,
Census tract,Tract 1104,17031110400,33.9,
Census tract,Tract 1105.01,17031110501,37.0,
Census tract,Tract 1105.02,17031110502,23.8,
Census tract,Tract 1201,17031120100,9.1,
Census tract,Tract 1202,17031120200,13.0,
Census tract,Tract 1203,17031120300,26.9,
Census tract,Tract 1204,17031120400,24.2,
Census tract,Tract 1301,17031130100,76.4,
Census tract,Tract 1302,17031130200,17.5,
Census tract,Tract 1303,17031130300,80.7,
Census tract,Tract 1401,17031140100,76.6,
Census tract,Tract 1402,17031140200,82.0,
Census tract,Tract 1403.01,17031140301,93.8,
Census tract,Tract 1403.02,17031140302,72.5,
Census tract,Tract 1404,17031140400,41.3,
Census tract,Tract 1405,17031140500,70.1,
Census tract,Tract 1406.01,17031140601,74.3,
Census tract,Tract 1406.02,17031140602,72.2,
Census tract,Tract 1407.01,17031140701,64.0,
Census tract,Tract 1407.02,17031140702,74.5,
Census tract,Tract 1408,17031140800,28.2,
Census tract,Tract 1502,17031150200,56.7,
Census tract,Tract 1503,17031150300,30.5,
Census tract,Tract 1504.01,17031150401,44.4,
Census tract,Tract 1504.02,17031150402,27.1,
Census tract,Tract 1505.01,17031150501,44.6,
Census tract,Tract 1505.02,17031150502,40.3,
Census tract,Tract 1506,17031150600,23.4,
Census tract,Tract 1507,17031150700,54.6,
Census tract,Tract 1508,17031150800,54.2,
Census tract,Tract 1510.01,17031151001,58.9,
Census tract,Tract 1510.02,17031151002,72.8,
Census tract,Tract 1511,17031151100,62.3,
Census tract,Tract 1512,17031151200,47.6,
Census tract,Tract 1601,17031160100,55.8,
Census tract,Tract 1602,17031160200,13.2,
Census tract,Tract 1603,17031160300,23.0,
Census tract,Tract 1604,17031160400,42.3,
Census tract,Tract 1605.01,17031160501,65.0,
Census tract,Tract 1605.02,17031160502,63.8,
Census tract,Tract 1606.01,17031160601,23.2,
Census tract,Tract 1606.02,17031160602,20.0,
Census tract,Tract 1607,17031160700,17.1,
Census tract,Tract 1608,17031160800,50.6,
Census tract,Tract 1609,17031160900,15.2,
Census tract,Tract 1610,17031161000,15.8,
Census tract,Tract 1611,17031161100,3.0,
Census tract,Tract 1612,17031161200,64.3,
Census tract,Tract 1613,17031161300,50.5,
Census tract,Tract 1701,17031170100,45.5,
Census tract,Tract 1702,17031170200,26.1,
Census tract,Tract 1703,17031170300,41.2,
Census tract,Tract 1704,17031170400,48.6,
Census tract,Tract 1705,17031170500,18.9,
Census tract,Tract 1706,17031170600,31.5,
Census tract,Tract 1707,17031170700,50.0,
Census tract,Tract 1708,17031170800,40.7,
Census tract,Tract 1709,17031170900,62.2,
Census tract,Tract 1710,17031171000,31.4,
Census tract,Tract 1711,17031171100,33.8,
Census tract,Tract 1801,17031180100,38.3,
Census tract,Tract 1901,17031190100,72.1,
Census tract,Tract 1902,17031190200,76.2,
Census tract,Tract 1903,17031190300,74.9,
Census tract,Tract 1904.01,17031190401,73.3,
Census tract,Tract 1904.02,17031190402,68.2,
Census tract,Tract 1906.01,17031190601,88.1,
Census tract,Tract 1906.02,17031190602,79.4,
Census tract,Tract 1907.01,17031190701,85.7,
Census tract,Tract 1907.02,17031190702,92.4,
Census tract,Tract 1908,17031190800,89.0,
Census tract,Tract 1909,17031190900,82.0,
Census tract,Tract 1910,17031191000,86.1,
Census tract,Tract 1911,17031191100,80.4,
Census tract,Tract 1912,17031191200,90.9,
Census tract,Tract 1913.01,17031191301,84.5,
Census tract,Tract 1913.02,17031191302,84.4,
Census tract,Tract 2001,17031200100,57.6,
Census tract,Tract 2002,17031200200,74.7,
Census tract,Tract 2003,17031200300,78.3,
Census tract,Tract 2004.01,17031200401,94.4,
Census tract,Tract 2004.02,17031200402,87.2,
Census tract,Tract 2101,17031210100,39.2,
Census tract,Tract 2104,17031210400,71.0,
Census tract,Tract 2105.01,17031210501,62.7,
Census tract,Tract 2105.02,17031210502,66.5,
Census tract,Tract 2106.01,17031210601,50.5,
Census tract,Tract 2106.02,17031210602,35.2,
Census tract,Tract 2107,17031210700,50.3,
Census tract,Tract 2108,17031210800,20.9,
Census tract,Tract 2109,17031210900,15.9,
Census tract,Tract 2203,17031220300,8.8,
Census tract,Tract 2204,17031220400,8.6,
Census tract,Tract 2205,17031220500,2.1,
Census tract,Tract 2206.01,17031220601,9.5,
Census tract,Tract 2206.02,17031220602,26.5,
Census tract,Tract 2207.01,17031220701,55.0,
Census tract,Tract 2207.02,17031220702,57.2,
Census tract,Tract 2209.01,17031220901,83.7,
Census tract,Tract 2209.02,17031220902,50.4,
Census tract,Tract 2210,17031221000,55.6,
Census tract,Tract 2211,17031221100,35.7,
Census tract,Tract 2212,17031221200,2.2,
Census tract,Tract 2213,17031221300,39.4,
Census tract,Tract 2214,17031221400,9.7,
Census tract,Tract 2215,17031221500,27.0,
Census tract,Tract 2216,17031221600,0.5,
Census tract,Tract 2222,17031222200,0.7,
Census tract,Tract 2225,17031222500,40.9,
Census tract,Tract 2226,17031222600,21.5,
Census tract,Tract 2227,17031222700,50.8,
Census tract,Tract 2228,17031222800,53.1,
Census tract,Tract 2229,17031222900,51.5,
Census tract,Tract 2301,17031230100,25.7,
Census tract,Tract 2302,17031230200,80.6,
Census tract,Tract 2303,17031230300,77.5,
Census tract,Tract 2304,17031230400,88.3,
Census tract,Tract 2305,17031230500,95.6,
Census tract,Tract 2306,17031230600,95.4,
Census tract,Tract 2307,17031230700,89.9,
Census tract,Tract 2308,17031230800,84.7,
Census tract,Tract 2309,17031230900,59.6,
Census tract,Tract 2311,17031231100,90.7,
Census tract,Tract 2312,17031231200,94.7,
Census tract,Tract 2315,17031231500,93.0,
Census tract,Tract 2402,17031240200,0.5,
Census tract,Tract 2403,17031240300,0.4,
Census tract,Tract 2405,17031240500,0.1,
Census tract,Tract 2406,17031240600,10.3,
Census tract,Tract 2407,17031240700,36.8,
Census tract,Tract 2408,17031240800,36.7,
Census tract,Tract 2409,17031240900,57.8,
Census tract,Tract 2410,17031241000,45.0,
Census tract,Tract 2411,17031241100,20.8,
Census tract,Tract 2412,17031241200,3.1,
Census tract,Tract 2413,17031241300,1.0,
Census tract,Tract 2414,17031241400,1.8,
Census tract,Tract 2415,17031241500,0.5,
Census tract,Tract 2416,17031241600,2.8,
Census tract,Tract 2420,17031242000,8.5,
Census tract,Tract 2421,17031242100,0.9,
Census tract,Tract 2422,17031242200,0.5,
Census tract,Tract 2423,17031242300,1.0,
Census tract,Tract 2424,17031242400,3.3,
Census tract,Tract 2425,17031242500,37.5,
Census tract,Tract 2426,17031242600,18.7,
Census tract,Tract 2427,17031242700,42.7,
Census tract,Tract 2428,17031242800,7.7,
Census tract,Tract 2429,17031242900,1.3,
Census tract,Tract 2430,17031243000,4.1,
Census tract,Tract 2431,17031243100,4.2,
Census tract,Tract 2432,17031243200,2.1,
Census tract,Tract 2433,17031243300,3.2,
Census tract,Tract 2434,17031243400,5.7,
Census tract,Tract 2435,17031243500,0.8,
Census tract,Tract 2502,17031250200,71.5,
Census tract,Tract 2503,17031250300,78.9,
Census tract,Tract 2504,17031250400,74.6,
Census tract,Tract 2505,17031250500,40.2,
Census tract,Tract 2506,17031250600,71.2,
Census tract,Tract 2507,17031250700,65.3,
Census tract,Tract 2508,17031250800,83.7,
Census tract,Tract 2510,17031251000,95.0,
Census tract,Tract 2511,17031251100,96.6,
Census tract,Tract 2512,17031251200,87.0,
Census tract,Tract 2513,17031251300,85.4,
Census tract,Tract 2514,17031251400,73.3,
Census tract,Tract 2515,17031251500,96.2,
Census tract,Tract 2516,17031251600,86.8,
Census tract,Tract 2517,17031251700,51.7,
Census tract,Tract 2518,17031251800,96.2,
Census tract,Tract 2519,17031251900,97.1,
Census tract,Tract 2520,17031252000,84.5,
Census tract,Tract 2521.01,17031252101,79.2,
Census tract,Tract 2521.02,17031252102,89.1,
Census tract,Tract 2522.01,17031252201,87.1,
Census tract,Tract 2522.02,17031252202,96.6,
Census tract,Tract 2601,17031260100,98.0,
Census tract,Tract 2602,17031260200,92.7,
Census tract,Tract 2603,17031260300,97.8,
Census tract,Tract 2604,17031260400,98.0,
Census tract,Tract 2605,17031260500,96.0,
Census tract,Tract 2606,17031260600,99.7,
Census tract,Tract 2607,17031260700,96.7,
Census tract,Tract 2608,17031260800,96.9,
Census tract,Tract 2609,17031260900,91.1,
Census tract,Tract 2610,17031261000,86.4,
Census tract,Tract 2705,17031270500,97.6,
Census tract,Tract 2712,17031271200,90.0,
Census tract,Tract 2713,17031271300,97.5,
Census tract,Tract 2714,17031271400,94.3,
Census tract,Tract 2715,17031271500,78.3,
Census tract,Tract 2718,17031271800,98.4,
Census tract,Tract 2801,17031280100,0.1,
Census tract,Tract 2804,17031280400,92.2,
Census tract,Tract 2808,17031280800,91.3,
Census tract,Tract 2809,17031280900,97.8,
Census tract,Tract 2819,17031281900,2.2,
Census tract,Tract 2827,17031282700,66.6,
Census tract,Tract 2828,17031282800,32.6,
Census tract,Tract 2831,17031283100,68.6,
Census tract,Tract 2832,17031283200,39.3,
Census tract,Tract 2838,17031283800,62.5,
Census tract,Tract 2909,17031290900,98.2,
Census tract,Tract 2912,17031291200,95.4,
Census tract,Tract 2916,17031291600,61.3,
Census tract,Tract 2922,17031292200,95.4,
Census tract,Tract 2924,17031292400,83.7,
Census tract,Tract 2925,17031292500,86.3,
Census tract,Tract 3005,17031300500,94.5,
Census tract,Tract 3006,17031300600,92.5,
Census tract,Tract 3007,17031300700,96.2,
Census tract,Tract 3008,17031300800,98.9,
Census tract,Tract 3009,17031300900,95.1,
Census tract,Tract 3011,17031301100,92.8,
Census tract,Tract 3012,17031301200,94.5,
Census tract,Tract 3016,17031301600,96.4,
Census tract,Tract 3017.01,17031301701,95.0,
Census tract,Tract 3017.02,17031301702,94.4,
Census tract,Tract 3018.01,17031301801,93.9,
Census tract,Tract 3018.02,17031301802,96.1,
Census tract,Tract 3018.03,17031301803,89.1,
Census tract,Tract 3102,17031310200,56.5,
Census tract,Tract 3103,17031310300,70.2,
Census tract,Tract 3104,17031310400,16.0,
Census tract,Tract 3105,17031310500,65.5,
Census tract,Tract 3106,17031310600,64.7,
Census tract,Tract 3107,17031310700,78.8,
Census tract,Tract 3108,17031310800,68.7,
Census tract,Tract 3109,17031310900,87.5,
Census tract,Tract 3201,17031320100,0.4,
Census tract,Tract 3204,17031320400,10.2,
Census tract,Tract 3206,17031320600,2.6,
Census tract,Tract 3301,17031330100,0.3,
Census tract,Tract 3302,17031330200,6.7,
Census tract,Tract 3403,17031340300,91.4,
Census tract,Tract 3404,17031340400,76.4,
Census tract,Tract 3405,17031340500,95.0,
Census tract,Tract 3406,17031340600,99.8,
Census tract,Tract 3501,17031350100,31.5,
Census tract,Tract 3504,17031350400,99.4,
Census tract,Tract 3510,17031351000,36.6,
Census tract,Tract 3511,17031351100,99.8,
Census tract,Tract 3514,17031351400,98.2,
Census tract,Tract 3515,17031351500,88.0,
Census tract,Tract 3602,17031360200,74.8,
Census tract,Tract 3801,17031380100,91.1,
Census tract,Tract 3802,17031380200,71.6,
Census tract,Tract 3805,17031380500,96.5,
Census tract,Tract 3807,17031380700,87.5,
Census tract,Tract 3812,17031381200,62.7,
Census tract,Tract 3814,17031381400,64.0,
Census tract,Tract 3815,17031381500,90.5,
Census tract,Tract 3818,17031381800,59.8,
Census tract,Tract 3819,17031381900,43.5,
Census tract,Tract 3901,17031390100,24.0,
Census tract,Tract 3902,17031390200,20.9,
Census tract,Tract 3903,17031390300,93.3,
Census tract,Tract 3904,17031390400,85.2,
Census tract,Tract 3905,17031390500,8.9,
Census tract,Tract 3906,17031390600,17.6,
Census tract,Tract 3907,17031390700,20.8,
Census tract,Tract 4003,17031400300,93.2,
Census tract,Tract 4004,17031400400,95.1,
Census tract,Tract 4005,17031400500,84.1,
Census tract,Tract 4008,17031400800,96.7,
Census tract,Tract 4101,17031410100,27.0,
Census tract,Tract 4102,17031410200,44.1,
Census tract,Tract 4105,17031410500,18.5,
Census tract,Tract 4106,17031410600,49.6,
Census tract,Tract 4107,17031410700,40.8,
Census tract,Tract 4108,17031410800,26.4,
Census tract,Tract 4109,17031410900,24.7,
Census tract,Tract 4110,17031411000,18.8,
Census tract,Tract 4111,17031411100,8.0,
Census tract,Tract 4112,17031411200,7.2,
Census tract,Tract 4201,17031420100,93.5,
Census tract,Tract 4202,17031420200,77.6,
Census tract,Tract 4203,17031420300,81.0,
Census tract,Tract 4204,17031420400,90.1,
Census tract,Tract 4205,17031420500,94.5,
Census tract,Tract 4206,17031420600,96.4,
Census tract,Tract 4207,17031420700,98.9,
Census tract,Tract 4208,17031420800,80.7,
Census tract,Tract 4212,17031421200,92.1,
Census tract,Tract 4301.01,17031430101,80.3,
Census tract,Tract 4301.02,17031430102,59.5,
Census tract,Tract 4302,17031430200,87.1,
Census tract,Tract 4303,17031430300,96.4,
Census tract,Tract 4304,17031430400,85.3,
Census tract,Tract 4305,17031430500,96.3,
Census tract,Tract 4306,17031430600,92.4,
Census tract,Tract 4307,17031430700,80.5,
Census tract,Tract 4308,17031430800,63.5,
Census tract,Tract 4309,17031430900,80.8,
Census tract,Tract 4312,17031431200,55.6,
Census tract,Tract 4313.01,17031431301,87.6,
Census tract,Tract 4313.02,17031431302,94.8,
Census tract,Tract 4314,17031431400,87.0,
Census tract,Tract 4401.01,17031440101,96.0,
Census tract,Tract 4401.02,17031440102,70.2,
Census tract,Tract 4402.01,17031440201,76.2,
Census tract,Tract 4402.02,17031440202,78.2,
Census tract,Tract 4403,17031440300,70.4,
Census tract,Tract 4406,17031440600,61.0,
Census tract,Tract 4407,17031440700,76.1,
Census tract,Tract 4408,17031440800,95.0,
Census tract,Tract 4409,17031440900,80.3,
Census tract,Tract 4503,17031450300,75.2,
Census tract,Tract 4601,17031460100,92.9,
Census tract,Tract 4602,17031460200,91.3,
Census tract,Tract 4603.01,17031460301,93.9,
Census tract,Tract 4603.02,17031460302,93.9,
Census tract,Tract 4604,17031460400,70.3,
Census tract,Tract 4605,17031460500,43.1,
Census tract,Tract 4606,17031460600,92.8,
Census tract,Tract 4607,17031460700,98.7,
Census tract,Tract 4610,17031461000,92.6,
Census tract,Tract 4701,17031470100,84.4,
Census tract,Tract 4801,17031480100,51.0,
Census tract,Tract 4802,17031480200,69.3,
Census tract,Tract 4803,17031480300,36.6,
Census tract,Tract 4804,17031480400,53.2,
Census tract,Tract 4805,17031480500,78.6,
Census tract,Tract 4903,17031490300,73.5,
Census tract,Tract 4904,17031490400,32.0,
Census tract,Tract 4905,17031490500,84.5,
Census tract,Tract 4906,17031490600,81.4,
Census tract,Tract 4907,17031490700,84.3,
Census tract,Tract 4908,17031490800,84.2,
Census tract,Tract 4909.01,17031490901,86.7,
Census tract,Tract 4909.02,17031490902,71.5,
Census tract,Tract 4910,17031491000,98.4,
Census tract,Tract 4911,17031491100,80.2,
Census tract,Tract 4912,17031491200,86.1,
Census tract,Tract 4913,17031491300,93.9,
Census tract,Tract 4914,17031491400,98.5,
Census tract,Tract 5001,17031500100,39.6,
Census tract,Tract 5002,17031500200,94.6,
Census tract,Tract 5003,17031500300,72.8,
Census tract,Tract 5101,17031510100,93.0,
Census tract,Tract 5102,17031510200,91.8,
Census tract,Tract 5103,17031510300,93.2,
Census tract,Tract 5201,17031520100,83.6,
Census tract,Tract 5202,17031520200,93.8,
Census tract,Tract 5203,17031520300,93.1,
Census tract,Tract 5204,17031520400,80.6,
Census tract,Tract 5205,17031520500,69.8,
Census tract,Tract 5206,17031520600,86.8,
Census tract,Tract 5301,17031530100,94.6,
Census tract,Tract 5302,17031530200,94.4,
Census tract,Tract 5303,17031530300,80.8,
Census tract,Tract 5304,17031530400,74.1,
Census tract,Tract 5305.01,17031530501,76.6,
Census tract,Tract 5305.02,17031530502,72.9,
Census tract,Tract 5305.03,17031530503,91.3,
Census tract,Tract 5306,17031530600,73.9,
Census tract,Tract 5401.01,17031540101,98.3,
Census tract,Tract 5401.02,17031540102,99.2,
Census tract,Tract 5501,17031550100,72.9,
Census tract,Tract 5502,17031550200,44.2,
Census tract,Tract 5601,17031560100,85.2,
Census tract,Tract 5602,17031560200,92.1,
Census tract,Tract 5603,17031560300,82.7,
Census tract,Tract 5604,17031560400,90.9,
Census tract,Tract 5607,17031560700,80.6,
Census tract,Tract 5608,17031560800,60.1,
Census tract,Tract 5609,17031560900,30.7,
Census tract,Tract 5610,17031561000,28.4,
Census tract,Tract 5611,17031561100,52.3,
Census tract,Tract 5701,17031570100,85.0,
Census tract,Tract 5702,17031570200,81.2,
Census tract,Tract 5703,17031570300,91.8,
Census tract,Tract 5704,17031570400,82.4,
Census tract,Tract 5705,17031570500,84.5,
Census tract,Tract 5801,17031580100,82.8,
Census tract,Tract 5802,17031580200,94.5,
Census tract,Tract 5803,17031580300,87.2,
Census tract,Tract 5804,17031580400,80.6,
Census tract,Tract 5805.01,17031580501,94.5,
Census tract,Tract 5805.02,17031580502,89.9,
Census tract,Tract 5806,17031580600,90.8,
Census tract,Tract 5807,17031580700,93.2,
Census tract,Tract 5808,17031580800,96.7,
Census tract,Tract 5905,17031590500,75.6,
Census tract,Tract 5906,17031590600,75.0,
Census tract,Tract 5907,17031590700,88.2,
Census tract,Tract 6004,17031600400,78.0,
Census tract,Tract 6006,17031600600,80.2,
Census tract,Tract 6007,17031600700,68.5,
Census tract,Tract 6009,17031600900,41.6,
Census tract,Tract 6103,17031610300,95.6,
Census tract,Tract 6104,17031610400,95.7,
Census tract,Tract 6108,17031610800,60.1,
Census tract,Tract 6110,17031611000,95.8,
Census tract,Tract 6111,17031611100,94.0,
Census tract,Tract 6112,17031611200,92.0,
Census tract,Tract 6113,17031611300,94.1,
Census tract,Tract 6114,17031611400,93.4,
Census tract,Tract 6115,17031611500,97.2,
Census tract,Tract 6116,17031611600,93.6,
Census tract,Tract 6117,17031611700,97.5,
Census tract,Tract 6118,17031611800,85.3,
Census tract,Tract 6119,17031611900,97.4,
Census tract,Tract 6120,17031612000,95.7,
Census tract,Tract 6121,17031612100,95.8,
Census tract,Tract 6201,17031620100,82.9,
Census tract,Tract 6202,17031620200,70.1,
Census tract,Tract 6203,17031620300,91.8,
Census tract,Tract 6204,17031620400,65.8,
Census tract,Tract 6301,17031630100,89.0,
Census tract,Tract 6302,17031630200,89.3,
Census tract,Tract 6303,17031630300,85.1,
Census tract,Tract 6304,17031630400,96.8,
Census tract,Tract 6305,17031630500,83.5,
Census tract,Tract 6308,17031630800,93.0,
Census tract,Tract 6309,17031630900,89.8,
Census tract,Tract 6401,17031640100,62.5,
Census tract,Tract 6403,17031640300,54.4,
Census tract,Tract 6404,17031640400,59.8,
Census tract,Tract 6405,17031640500,17.5,
Census tract,Tract 6406,17031640600,80.6,
Census tract,Tract 6407,17031640700,80.4,
Census tract,Tract 6408,17031640800,59.2,
Census tract,Tract 6501,17031650100,90.6,
Census tract,Tract 6502,17031650200,88.7,
Census tract,Tract 6503.01,17031650301,69.9,
Census tract,Tract 6503.02,17031650302,85.0,
Census tract,Tract 6504,17031650400,87.6,
Census tract,Tract 6505,17031650500,73.9,
Census tract,Tract 6603.01,17031660301,97.1,
Census tract,Tract 6603.02,17031660302,93.8,
Census tract,Tract 6604,17031660400,88.0,
Census tract,Tract 6605,17031660500,91.1,
Census tract,Tract 6606,17031660600,96.2,
Census tract,Tract 6607,17031660700,97.6,
Census tract,Tract 6608,17031660800,88.9,
Census tract,Tract 6609,17031660900,94.7,
Census tract,Tract 6610,17031661000,94.0,
Census tract,Tract 6611,17031661100,80.0,
Census tract,Tract 6701,17031670100,95.9,
Census tract,Tract 6702,17031670200,97.0,
Census tract,Tract 6703,17031670300,84.5,
Census tract,Tract 6704,17031670400,95.3,
Census tract,Tract 6705,17031670500,96.1,
Census tract,Tract 6706,17031670600,94.6,
Census tract,Tract 6707,17031670700,96.5,
Census tract,Tract 6708,17031670800,93.8,
Census tract,Tract 6709,17031670900,93.6,
Census tract,Tract 6711,17031671100,96.5,
Census tract,Tract 6712,17031671200,99.2,
Census tract,Tract 6713,17031671300,98.3,
Census tract,Tract 6714,17031671400,92.6,
Census tract,Tract 6715,17031671500,97.1,
Census tract,Tract 6716,17031671600,97.8,
Census tract,Tract 6718,17031671800,96.6,
Census tract,Tract 6719,17031671900,87.2,
Census tract,Tract 6720,17031672000,94.9,
Census tract,Tract 6805,17031680500,97.3,
Census tract,Tract 6806,17031680600,98.9,
Census tract,Tract 6809,17031680900,96.5,
Census tract,Tract 6810,17031681000,96.0,
Census tract,Tract 6811,17031681100,97.4,
Census tract,Tract 6812,17031681200,98.4,
Census tract,Tract 6813,17031681300,98.6,
Census tract,Tract 6814,17031681400,92.4,
Census tract,Tract 6903,17031690300,91.8,
Census tract,Tract 6904,17031690400,82.7,
Census tract,Tract 6905,17031690500,97.5,
Census tract,Tract 6909,17031690900,87.5,
Census tract,Tract 6910,17031691000,82.0,
Census tract,Tract 6911,17031691100,93.8,
Census tract,Tract 6912,17031691200,94.4,
Census tract,Tract 6913,17031691300,90.3,
Census tract,Tract 6914,17031691400,66.0,
Census tract,Tract 6915,17031691500,98.7,
Census tract,Tract 7001,17031700100,72.1,
Census tract,Tract 7002,17031700200,80.7,
Census tract,Tract 7003.01,17031700301,77.5,
Census tract,Tract 7003.02,17031700302,71.6,
Census tract,Tract 7004.01,17031700401,67.4,
Census tract,Tract 7004.02,17031700402,89.3,
Census tract,Tract 7005.01,17031700501,41.5,
Census tract,Tract 7005.02,17031700502,76.8,
Census tract,Tract 7101,17031710100,95.9,
Census tract,Tract 7102,17031710200,89.2,
Census tract,Tract 7103,17031710300,95.1,
Census tract,Tract 7104,17031710400,83.6,
Census tract,Tract 7105,17031710500,83.5,
Census tract,Tract 7106,17031710600,81.9,
Census tract,Tract 7107,17031710700,86.0,
Census tract,Tract 7108,17031710800,92.2,
Census tract,Tract 7109,17031710900,88.2,
Census tract,Tract 7110,17031711000,86.0,
Census tract,Tract 7111,17031711100,84.0,
Census tract,Tract 7112,17031711200,63.9,
Census tract,Tract 7113,17031711300,84.2,
Census tract,Tract 7114,17031711400,80.6,
Census tract,Tract 7115,17031711500,82.2,
Census tract,Tract 7201,17031720100,4.8,
Census tract,Tract 7202,17031720200,23.0,
Census tract,Tract 7203,17031720300,13.8,
Census tract,Tract 7204,17031720400,10.8,
Census tract,Tract 7205,17031720500,7.2,
Census tract,Tract 7206,17031720600,25.7,
Census tract,Tract 7207,17031720700,19.5,
Census tract,Tract 7301,17031730100,80.7,
Census tract,Tract 7302.01,17031730201,82.5,
Census tract,Tract 7302.02,17031730202,66.7,
Census tract,Tract 7303,17031730300,81.0,
Census tract,Tract 7304,17031730400,61.6,
Census tract,Tract 7305,17031730500,84.7,
Census tract,Tract 7306,17031730600,80.6,
Census tract,Tract 7307,17031730700,84.0,
Census tract,Tract 7401,17031740100,37.1,
Census tract,Tract 7402,17031740200,22.4,
Census tract,Tract 7403,17031740300,12.9,
Census tract,Tract 7404,17031740400,14.6,
Census tract,Tract 7501,17031750100,80.2,
Census tract,Tract 7502,17031750200,11.6,
Census tract,Tract 7503,17031750300,7.4,
Census tract,Tract 7504,17031750400,16.3,
Census tract,Tract 7505,17031750500,76.9,
Census tract,Tract 7506,17031750600,67.5,
Census tract,Tract 7608.01,17031760801,37.0,
Census tract,Tract 7608.02,17031760802,43.0,
Census tract,Tract 7608.03,17031760803,49.0,
Census tract,Tract 7706.02,17031770602,82.9,
Census tract,Tract 7707,17031770700,30.7,
Census tract,Tract 7709.02,17031770902,38.1,
Census tract,Tract 8104,17031810400,8.8,
Census tract,Tract 8233.04,17031823304,67.2,
Census tract,Tract 8305,17031830500,95.2,
Census tract,Tract 8306,17031830600,66.6,
Census tract,Tract 8307,17031830700,54.3,
Census tract,Tract 8308,17031830800,4.6,
Census tract,Tract 8309,17031830900,3.0,
Census tract,Tract 8310,17031831000,0.1,
Census tract,Tract 8311,17031831100,65.7,
Census tract,Tract 8312,17031831200,83.1,
Census tract,Tract 8313,17031831300,69.2,
Census tract,Tract 8314,17031831400,70.2,
Census tract,Tract 8315,17031831500,60.2,
Census tract,Tract 8316,17031831600,75.1,
Census tract,Tract 8317,17031831700,78.5,
Census tract,Tract 8318,17031831800,49.5,
Census tract,Tract 8319,17031831900,0.6,
Census tract,Tract 8320,17031832000,1.7,
Census tract,Tract 8321,17031832100,6.5,
Census tract,Tract 8322,17031832200,0.9,
Census tract,Tract 8323,17031832300,0.9,
Census tract,Tract 8324,17031832400,3.2,
Census tract,Tract 8325,17031832500,2.1,
Census tract,Tract 8326,17031832600,0.2,
Census tract,Tract 8329,17031832900,31.6,
Census tract,Tract 8330,17031833000,0.8,
Census tract,Tract 8331,17031833100,1.2,
Census tract,Tract 8333,17031833300,53.2,
Census tract,Tract 8339,17031833900,93.5,
Census tract,Tract 8340,17031834000,83.6,
Census tract,Tract 8342,17031834200,60.8,
Census tract,Tract 8343,17031834300,79.4,
Census tract,Tract 8344,17031834400,77.0,
Census tract,Tract 8345,17031834500,85.9,
Census tract,Tract 8346,17031834600,88.2,
Census tract,Tract 8347,17031834700,95.7,
Census tract,Tract 8348,17031834800,95.9,
Census tract,Tract 8349,17031834900,99.3,
Census tract,Tract 8350,17031835000,95.8,
Census tract,Tract 8351,17031835100,89.4,
Census tract,Tract 8352,17031835200,72.1,
Census tract,Tract 8355,17031835500,95.5,
Census tract,Tract 8356,17031835600,95.9,
Census tract,Tract 8357,17031835700,98.5,
Census tract,Tract 8358,17031835800,87.8,
Census tract,Tract 8359,17031835900,86.1,
Census tract,Tract 8360,17031836000,77.0,
Census tract,Tract 8361,17031836100,91.7,
Census tract,Tract 8362,17031836200,55.2,
Census tract,Tract 8363,17031836300,55.4,
Census tract,Tract 8364,17031836400,84.7,
Census tract,Tract 8365,17031836500,77.6,
Census tract,Tract 8366,17031836600,74.2,
Census tract,Tract 8367,17031836700,85.4,
Census tract,Tract 8368,17031836800,98.8,
Census tract,Tract 8369,17031836900,84.7,
Census tract,Tract 8370,17031837000,92.7,
Census tract,Tract 8371,17031837100,86.6,
Census tract,Tract 8373,17031837300,94.7,
Census tract,Tract 8374,17031837400,92.6,
Census tract,Tract 8378,17031837800,71.9,
Census tract,Tract 8380,17031838000,69.7,
Census tract,Tract 8381,17031838100,81.4,
Census tract,Tract 8382,17031838200,34.7,
Census tract,Tract 8383,17031838300,17.2,
Census tract,Tract 8386,17031838600,97.2,
Census tract,Tract 8387,17031838700,94.5,
Census tract,Tract 8388,17031838800,94.8,
Census tract,Tract 8390,17031839000,8.9,
Census tract,Tract 8391,17031839100,2.9,
Census tract,Tract 8392,17031839200,65.7,
Census tract,Tract 8395,17031839500,61.6,
Census tract,Tract 8396,17031839600,72.1,
Census tract,Tract 8397,17031839700,60.2,
Census tract,Tract 8398,17031839800,41.9,
Census tract,Tract 8399,17031839900,47.0,
Census tract,Tract 8400,17031840000,47.5,
Census tract,Tract 8401,17031840100,74.6,
Census tract,Tract 8402,17031840200,75.5,
Census tract,Tract 8403,17031840300,75.1,
Census tract,Tract 8404,17031840400,72.8,
Census tract,Tract 8407,17031840700,88.9,
Census tract,Tract 8408,17031840800,95.5,
Census tract,Tract 8410,17031841000,5.4,
Census tract,Tract 8411,17031841100,90.7,
Census tract,Tract 8412,17031841200,75.5,
Census tract,Tract 8413,17031841300,67.8,
Census tract,Tract 8414,17031841400,69.8,
Census tract,Tract 8415,17031841500,84.7,
Census tract,Tract 8416,17031841600,89.5,
Census tract,Tract 8417,17031841700,98.5,
Census tract,Tract 8418,17031841800,87.5,
Census tract,Tract 8419,17031841900,51.5,
Census tract,Tract 8420,17031842000,53.9,
Census tract,Tract 8421,17031842100,90.6,
Census tract,Tract 8422,17031842200,2.4,
Census tract,Tract 8423,17031842300,2.9,
Census tract,Tract 8424,17031842400,84.4,
Census tract,Tract 8425,17031842500,99.1,
Census tract,Tract 8426,17031842600,62.8,
Census tract,Tract 8428,17031842800,93.3,
Census tract,Tract 8429,17031842900,90.4,
Census tract,Tract 8430,17031843000,94.0,
Census tract,Tract 8431,17031843100,82.9,
Census tract,Tract 8432,17031843200,50.6,
Census tract,Tract 8433,17031843300,88.4,
Census tract,Tract 8434,17031843400,83.8,
Census tract,Tract 8435,17031843500,92.0,
Census tract,Tract 8436,17031843600,81.3,
Census tract,Tract 8437,17031843700,9.2,
Census tract,Tract 8438,17031843800,89.0,
Census tract,Tract 8439,17031843900,71.5,
Census tract,Tract 8400,17043840000,81.6,
Census tract,Tract 8408.01,17043840801,90.1,
